Name,Declared_Income,Project_Spending,Spend_to_Income,Overspend_Flag
Jingguy Estrada,3767795.0,6048486.0,1.6053118601197782,False
Joel Villanueva,843380.0,19222794.0,22.792565628779435,True
Sarah Discaya,9000000.0,3526863930.0,391.87377,True
Henry Alcantara,30000.0,1512121.0,50.40403333333333,True
